,LOCATION,TIME,Value
0,OECD,1962,5.696916024
1,OECD,1963,5.1754545080000005
2,OECD,1964,6.361377148
3,OECD,1965,5.364164429
4,OECD,1966,5.733038186
5,OECD,1967,3.9425691819999997
6,OECD,1968,5.904554388999999
7,OECD,1969,5.561258815
8,OECD,1970,3.917580187
9,OECD,1971,3.696635183
10,OECD,1972,5.468583572999999
11,OECD,1973,6.1069649660000005
12,OECD,1974,1.06303142
13,OECD,1975,0.456326551
14,OECD,1976,4.911747900000001
15,OECD,1977,3.67945031
16,OECD,1978,4.425892082
17,OECD,1979,3.8980080089999998
18,OECD,1980,1.279125699
19,OECD,1981,2.261218323
20,OECD,1982,0.198218055
21,OECD,1983,2.8322319210000004
22,OECD,1984,4.782641589
23,OECD,1985,3.853516107
24,OECD,1986,2.896710694
25,OECD,1987,3.6079286560000003
26,OECD,1988,4.597936205
27,OECD,1989,3.866419881
28,OECD,1990,3.2159584430000003
29,OECD,1991,1.4622441019999999
30,OECD,1992,2.2675256480000003
31,OECD,1993,1.502183003
32,OECD,1994,3.038163921
33,OECD,1995,2.554383091
34,OECD,1996,3.1909704260000002
35,OECD,1997,3.627221824
36,OECD,1998,2.929779194
37,OECD,1999,3.3011337339999995
38,OECD,2000,4.1238153969999995
39,OECD,2001,1.407003807
40,OECD,2002,1.6795035440000001
41,OECD,2003,2.112154233
42,OECD,2004,3.343878882
43,OECD,2005,2.909444012
44,OECD,2006,3.202614872
45,OECD,2007,2.692160355
46,OECD,2008,0.35823238399999996
47,OECD,2009,-3.3588823010000004
48,OECD,2010,3.051013922
49,OECD,2011,2.093828906
50,OECD,2012,1.38360908
51,OECD,2013,1.607091963
52,OECD,2014,2.194105845
53,OECD,2015,2.614321559
54,OECD,2016,1.862493832
55,OECD,2017,2.681581643
56,OECD,2018,2.329798914
57,OECD,2019,1.6286697630000002
58,EST,1996,4.935971722
59,EST,1997,13.046534795
60,EST,1998,4.330296218
61,EST,1999,-0.403435569
62,EST,2000,10.106520489
63,EST,2001,5.979603215
64,EST,2002,6.802390752000001
65,EST,2003,7.56669175
66,EST,2004,6.767457153
67,EST,2005,9.490296172
68,EST,2006,9.718759352000001
69,EST,2007,7.573581247000001
70,EST,2008,-5.088942477
71,EST,2009,-14.433868889000001
72,EST,2010,2.690332536
73,EST,2011,7.443935411
74,EST,2012,3.124842648
75,EST,2013,1.346187836
76,EST,2014,2.9873263239999996
77,EST,2015,1.844885171
78,EST,2016,3.187819474
79,EST,2017,5.499151757999999
80,EST,2018,4.355465207
81,EST,2019,4.996442493
320,ESP,1961,11.838686895
321,ESP,1962,9.953426731
322,ESP,1963,9.596490037999999
323,ESP,1964,5.30852285
324,ESP,1965,6.253125451
325,ESP,1966,7.245787353
326,ESP,1967,4.34063628
327,ESP,1968,6.596745997
328,ESP,1969,8.9071843
329,ESP,1970,4.176673617
330,ESP,1971,4.646593668
331,ESP,1972,8.149117862
332,ESP,1973,7.795262362000001
333,ESP,1974,5.616675392
334,ESP,1975,0.541824951
335,ESP,1976,3.304180277
336,ESP,1977,2.839302888
337,ESP,1978,1.463347243
338,ESP,1979,0.043291706
339,ESP,1980,1.298189166
340,ESP,1981,-0.13213904199999998
341,ESP,1982,1.244803718
342,ESP,1983,1.77110255
343,ESP,1984,1.7840429580000001
344,ESP,1985,2.320815471
345,ESP,1986,3.253658372
346,ESP,1987,5.547452627999999
347,ESP,1988,5.093494242
348,ESP,1989,4.827617603999999
349,ESP,1990,3.783711977
350,ESP,1991,2.5437413230000003
351,ESP,1992,0.930900222
352,ESP,1993,-1.032668671
353,ESP,1994,2.382954999
354,ESP,1995,2.757265784
355,ESP,1996,2.660384815
356,ESP,1997,3.702721341
357,ESP,1998,4.393037351
358,ESP,1999,4.490616959
359,ESP,2000,5.245868129
360,ESP,2001,3.932948843
361,ESP,2002,2.730912305
362,ESP,2003,2.9820050310000004
363,ESP,2004,3.122795242
364,ESP,2005,3.652032674
365,ESP,2006,4.102727115
366,ESP,2007,3.60478135
367,ESP,2008,0.886964124
368,ESP,2009,-3.763145952
369,ESP,2010,0.163010231
370,ESP,2011,-0.814373455
371,ESP,2012,-2.9593478610000004
372,ESP,2013,-1.4354891669999998
373,ESP,2014,1.383907943
374,ESP,2015,3.83517266
375,ESP,2016,3.03130133
376,ESP,2017,2.973641191
377,ESP,2018,2.430047145
378,ESP,2019,1.9502122880000001
379,DNK,1961,6.378839877000001
380,DNK,1962,5.666801547
381,DNK,1963,0.6371556079999999
382,DNK,1964,9.269861546
383,DNK,1965,4.555223579
384,DNK,1966,2.7411276780000002
385,DNK,1967,3.42131134
386,DNK,1968,3.97476327
387,DNK,1969,6.322970205
388,DNK,1970,2.0259354469999997
389,DNK,1971,2.6652825769999997
390,DNK,1972,5.276212688999999
391,DNK,1973,3.6322326680000003
392,DNK,1974,-0.9325041620000001
393,DNK,1975,-0.66025359
394,DNK,1976,6.473284429
395,DNK,1977,1.62190754
396,DNK,1978,1.476048175
397,DNK,1979,3.544972118
398,DNK,1980,-0.44254103100000003
399,DNK,1981,-0.889708837
400,DNK,1982,3.019705754
401,DNK,1983,2.518355894
402,DNK,1984,4.389793392
403,DNK,1985,4.288584821000001
404,DNK,1986,3.643158635
405,DNK,1987,0.29402266899999996
406,DNK,1988,1.164498537
407,DNK,1989,0.150253422
408,DNK,1990,0.965095617
409,DNK,1991,1.3003368770000001
410,DNK,1992,1.9754605
411,DNK,1993,-0.089691199
412,DNK,1994,5.5254016870000005
413,DNK,1995,3.065177934
414,DNK,1996,2.9001106360000004
415,DNK,1997,3.260886077
416,DNK,1998,2.218148436
417,DNK,1999,2.948026015
418,DNK,2000,3.746862171
419,DNK,2001,0.823155361
420,DNK,2002,0.46634495600000003
421,DNK,2003,0.39005623
422,DNK,2004,2.668217538
423,DNK,2005,2.336641647
424,DNK,2006,3.913003347
425,DNK,2007,0.909247626
426,DNK,2008,-0.512019927
427,DNK,2009,-4.906546955
428,DNK,2010,1.8709874340000001
429,DNK,2011,1.336780558
430,DNK,2012,0.22651211899999998
431,DNK,2013,0.933338205
432,DNK,2014,1.619396343
433,DNK,2015,2.342587725
434,DNK,2016,3.245949426
435,DNK,2017,2.036165636
436,DNK,2018,2.391335065
437,DNK,2019,2.345300375
858,JPN,1961,11.853142512
859,JPN,1962,8.596554244
860,JPN,1963,8.787504666
861,JPN,1964,11.185655167
862,JPN,1965,5.673023514
863,JPN,1966,10.248413441
864,JPN,1967,11.083926514000002
865,JPN,1968,11.909006737
866,JPN,1969,11.953082692999999
867,JPN,1970,10.282406472
868,JPN,1971,4.389103414
869,JPN,1972,8.413496387999999
870,JPN,1973,8.032650664
871,JPN,1974,-1.2251963959999999
872,JPN,1975,3.0914866169999997
873,JPN,1976,3.9750284380000003
874,JPN,1977,4.39033795
875,JPN,1978,5.272020094
876,JPN,1979,5.483925755
877,JPN,1980,2.817592205
878,JPN,1981,4.176879121
879,JPN,1982,3.376505892
880,JPN,1983,3.060805339
881,JPN,1984,4.463899016
882,JPN,1985,6.333356889
883,JPN,1986,2.831076641
884,JPN,1987,4.1074270639999995
885,JPN,1988,7.146693707000001
886,JPN,1989,5.3701525189999995
887,JPN,1990,5.572398299
888,JPN,1991,3.324340775
889,JPN,1992,0.819008225
890,JPN,1993,0.171062756
891,JPN,1994,0.86359985
892,JPN,1995,2.742116817
893,JPN,1996,3.1000228780000003
894,JPN,1997,1.076045234
895,JPN,1998,-1.128409829
896,JPN,1999,-0.251954272
897,JPN,2000,2.779632825
898,JPN,2001,0.406357562
899,JPN,2002,0.11797118
900,JPN,2003,1.5282201480000002
901,JPN,2004,2.2047091030000003
902,JPN,2005,1.6626285330000001
903,JPN,2006,1.4199864219999998
904,JPN,2007,1.654204685
905,JPN,2008,-1.093521007
906,JPN,2009,-5.4164127970000004
907,JPN,2010,4.191739258999999
908,JPN,2011,-0.115441664
909,JPN,2012,1.495110238
910,JPN,2013,2.000267841
911,JPN,2014,0.374739131
912,JPN,2015,1.222920802
913,JPN,2016,0.52192501
914,JPN,2017,2.168290737
915,JPN,2018,0.27606077
916,JPN,2019,0.671252258
917,NOR,1961,6.273579129
918,NOR,1962,2.8138011019999998
919,NOR,1963,3.785084439
920,NOR,1964,5.009539973
921,NOR,1965,5.285439633999999
922,NOR,1966,3.7862706680000002
923,NOR,1967,6.256576625
924,NOR,1968,2.258704378
925,NOR,1969,4.504876919
926,NOR,1970,1.9985155419999998
927,NOR,1971,4.579403988
928,NOR,1972,5.166584216
929,NOR,1973,4.110512626
930,NOR,1974,5.19432072
931,NOR,1975,4.1678851539999995
932,NOR,1976,6.810829523
933,NOR,1977,3.580593197
934,NOR,1978,4.870465069
935,NOR,1979,4.37238367
936,NOR,1980,4.564764707
937,NOR,1981,1.5982583019999999
938,NOR,1982,0.23533026699999998
939,NOR,1983,3.97277101
940,NOR,1984,6.052423267999999
941,NOR,1985,5.553315678
942,NOR,1986,4.042350815
943,NOR,1987,1.753265139
944,NOR,1988,-0.255271835
945,NOR,1989,1.038299522
946,NOR,1990,1.932414061
947,NOR,1991,3.084702342
948,NOR,1992,3.5744964660000003
949,NOR,1993,2.8452640739999997
950,NOR,1994,5.0554119769999994
951,NOR,1995,4.155462968999999
952,NOR,1996,5.028001271
953,NOR,1997,5.2845846419999996
954,NOR,1998,2.624433725
955,NOR,1999,2.012848254
956,NOR,2000,3.205003899
957,NOR,2001,2.07476643
958,NOR,2002,1.4462919969999999
959,NOR,2003,0.910078542
960,NOR,2004,3.9694099260000004
961,NOR,2005,2.6254249709999997
962,NOR,2006,2.399845386
963,NOR,2007,2.994239477
964,NOR,2008,0.476383619
965,NOR,2009,-1.7270099980000002
966,NOR,2010,0.7018558690000001
967,NOR,2011,0.9814051709999999
968,NOR,2012,2.7031337239999997
969,NOR,2013,1.0340492829999999
970,NOR,2014,1.969499306
971,NOR,2015,1.967139881
972,NOR,2016,1.071580444
973,NOR,2017,2.3232916009999998
974,NOR,2018,1.289501099
975,NOR,2019,1.154745966
1535,BEL,1961,4.973997188
1536,BEL,1962,5.181529425
1537,BEL,1963,4.404030258
1538,BEL,1964,6.947614152000001
1539,BEL,1965,3.586150993
1540,BEL,1966,3.1070136880000003
1541,BEL,1967,3.868763917
1542,BEL,1968,4.172249143999999
1543,BEL,1969,6.623169989
1544,BEL,1970,6.1919813260000005
1545,BEL,1971,3.75302137
1546,BEL,1972,5.25564666
1547,BEL,1973,6.12232757
1548,BEL,1974,4.19963425
1549,BEL,1975,-1.327000265
1550,BEL,1976,5.652750967
1551,BEL,1977,0.626135478
1552,BEL,1978,2.8419126639999996
1553,BEL,1979,2.341058001
1554,BEL,1980,4.479515711
1555,BEL,1981,-0.274343249
1556,BEL,1982,0.602922792
1557,BEL,1983,0.31232531
1558,BEL,1984,2.467255576
1559,BEL,1985,1.65448509
1560,BEL,1986,1.8221350930000002
1561,BEL,1987,2.294549703
1562,BEL,1988,4.733522028
1563,BEL,1989,3.4658803710000003
1564,BEL,1990,3.147299225
1565,BEL,1991,1.8326517080000002
1566,BEL,1992,1.5300189430000002
1567,BEL,1993,-0.9587370190000001
1568,BEL,1994,3.2260636789999997
1569,BEL,1995,2.384879425
1570,BEL,1996,1.321162707
1571,BEL,1997,3.793894051
1572,BEL,1998,1.9618068819999999
1573,BEL,1999,3.542538809
1574,BEL,2000,3.7167785189999996
1575,BEL,2001,1.099981192
1576,BEL,2002,1.70673452
1577,BEL,2003,1.037892824
1578,BEL,2004,3.5710740089999997
1579,BEL,2005,2.321654112
1580,BEL,2006,2.552219519
1581,BEL,2007,3.6770355880000003
1582,BEL,2008,0.44702089700000003
1583,BEL,2009,-2.020572065
1584,BEL,2010,2.864019
1585,BEL,2011,1.6945768419999998
1586,BEL,2012,0.7392808059999999
1587,BEL,2013,0.459253151
1588,BEL,2014,1.578647591
1589,BEL,2015,2.032566112
1590,BEL,2016,1.47827819
1591,BEL,2017,1.90417182
1592,BEL,2018,1.487539248
1593,BEL,2019,1.404453916
2096,HUN,1996,0.082410611
2097,HUN,1997,3.1431283660000005
2098,HUN,1998,3.900001507
2099,HUN,1999,3.071026652
2100,HUN,2000,4.479195915
2101,HUN,2001,4.074087017
2102,HUN,2002,4.741287442
2103,HUN,2003,4.084520073
2104,HUN,2004,4.822854321
2105,HUN,2005,4.243628635
2106,HUN,2006,4.031014793
2107,HUN,2007,0.24217437100000003
2108,HUN,2008,1.058291434
2109,HUN,2009,-6.699555097
2110,HUN,2010,0.664295447
2111,HUN,2011,1.8190796059999998
2112,HUN,2012,-1.471791113
2113,HUN,2013,1.962984806
2114,HUN,2014,4.1950822819999996
2115,HUN,2015,3.84555586
2116,HUN,2016,2.1999957219999997
2117,HUN,2017,4.322814009
2118,HUN,2018,5.094000209
2119,HUN,2019,4.927791971
2895,KOR,1961,6.935992652
2896,KOR,1962,3.8952725310000003
2897,KOR,1963,9.020877906
2898,KOR,1964,9.473513808
2899,KOR,1965,7.31843358
2900,KOR,1966,11.993956608
2901,KOR,1967,9.079822401
2902,KOR,1968,13.165544358
2903,KOR,1969,14.561366695999999
2904,KOR,1970,10.052734807
2905,KOR,1971,10.545513552000001
2906,KOR,1972,7.214235261000001
2907,KOR,1973,14.898340091
2908,KOR,1974,9.511845122
2909,KOR,1975,7.840126627999999
2910,KOR,1976,13.221350162
2911,KOR,1977,12.335982195
2912,KOR,1978,10.952985695
2913,KOR,1979,8.671226707
2914,KOR,1980,-1.64568764
2915,KOR,1981,7.24611911
2916,KOR,1982,8.338135844
2917,KOR,1983,13.37617449
2918,KOR,1984,10.551640355
2919,KOR,1985,7.838864022
2920,KOR,1986,11.327261195999998
2921,KOR,1987,12.723659417
2922,KOR,1988,11.987777059
2923,KOR,1989,7.072865867000001
2924,KOR,1990,9.877576696
2925,KOR,1991,10.778031734
2926,KOR,1992,6.198662675
2927,KOR,1993,6.877472841
2928,KOR,1994,9.268647202
2929,KOR,1995,9.614565393
2930,KOR,1996,7.890703326000001
2931,KOR,1997,6.170565978
2932,KOR,1998,-5.129460275
2933,KOR,1999,11.466928972
2934,KOR,2000,9.060846489
2935,KOR,2001,4.8523995719999995
2936,KOR,2002,7.725142675
2937,KOR,2003,3.1472911939999997
2938,KOR,2004,5.197391363
2939,KOR,2005,4.3085336839999995
2940,KOR,2006,5.264335707
2941,KOR,2007,5.799548415
2942,KOR,2008,3.012984873
2943,KOR,2009,0.79269899
2944,KOR,2010,6.804824918
2945,KOR,2011,3.685667782
2946,KOR,2012,2.402530992
2947,KOR,2013,3.1647086360000003
2948,KOR,2014,3.202453795
2949,KOR,2015,2.8091032680000003
2950,KOR,2016,2.946881715
2951,KOR,2017,3.15963574
2952,KOR,2018,2.907398095
2953,KOR,2019,2.03934834
3433,AUT,1961,5.553999707999999
3434,AUT,1962,2.61711674
3435,AUT,1963,4.154317503
3436,AUT,1964,6.181948247999999
3437,AUT,1965,3.4371634660000003
3438,AUT,1966,4.99613194
3439,AUT,1967,2.382401575
3440,AUT,1968,4.444142923
3441,AUT,1969,5.851775697000001
3442,AUT,1970,7.761314517000001
3443,AUT,1971,5.1120688130000005
3444,AUT,1972,6.209404827999999
3445,AUT,1973,4.886808984
3446,AUT,1974,3.943590583
3447,AUT,1975,-0.36259635100000004
3448,AUT,1976,4.576718045
3449,AUT,1977,4.676806807
3450,AUT,1978,-0.36235672799999996
3451,AUT,1979,5.4545703439999995
3452,AUT,1980,2.31391856
3453,AUT,1981,-0.099385333
3454,AUT,1982,1.9078107380000002
3455,AUT,1983,2.804444906
3456,AUT,1984,0.33158771
3457,AUT,1985,2.243365394
3458,AUT,1986,2.3405187290000002
3459,AUT,1987,1.6804678519999998
3460,AUT,1988,3.166390713
3461,AUT,1989,3.887072212
3462,AUT,1990,4.345637522
3463,AUT,1991,3.441635672
3464,AUT,1992,2.0935288990000003
3465,AUT,1993,0.526806856
3466,AUT,1994,2.4021219819999997
3467,AUT,1995,2.667984199
3468,AUT,1996,2.466644435
3469,AUT,1997,2.093597676
3470,AUT,1998,3.5814216510000003
3471,AUT,1999,3.556328531
3472,AUT,2000,3.3757240239999997
3473,AUT,2001,1.267170595
3474,AUT,2002,1.6515570469999998
3475,AUT,2003,0.9414766090000001
3476,AUT,2004,2.7351211810000002
3477,AUT,2005,2.244071539
3478,AUT,2006,3.4540396510000004
3479,AUT,2007,3.727418015
3480,AUT,2008,1.4604255380000002
3481,AUT,2009,-3.7645809010000004
3482,AUT,2010,1.8370959219999998
3483,AUT,2011,2.922800075
3484,AUT,2012,0.680443782
3485,AUT,2013,0.025502643999999998
3486,AUT,2014,0.661273455
3487,AUT,2015,1.014504245
3488,AUT,2016,2.082607829
3489,AUT,2017,2.476444199
3490,AUT,2018,2.4197636240000002
3491,AUT,2019,1.6005564019999998
4298,IDN,1991,8.927725584
4299,IDN,1992,6.524117989
4300,IDN,1993,7.955437139
4301,IDN,1994,7.539968808999999
4302,IDN,1995,8.220146069
4303,IDN,1996,7.817992464
4304,IDN,1997,4.6999041560000006
4305,IDN,1998,-13.126748574
4306,IDN,1999,0.7911528609999999
4307,IDN,2000,4.920041386
4308,IDN,2001,3.6434664469999998
4309,IDN,2002,4.499475391
4310,IDN,2003,4.780369122
4311,IDN,2004,5.030873945
4312,IDN,2005,5.692571303999999
4313,IDN,2006,5.500951785
4314,IDN,2007,6.345022245
4315,IDN,2008,6.013702502999999
4316,IDN,2009,4.701768517
4317,IDN,2010,6.377625686
4318,IDN,2011,6.169784207999999
4319,IDN,2012,6.030050652999999
4320,IDN,2013,5.557263689
4321,IDN,2014,5.006668426
4322,IDN,2015,4.8763223
4323,IDN,2016,5.033069183
4324,IDN,2017,5.069785901
4325,IDN,2018,5.169705609
4326,IDN,2019,5.0247140219999995
4665,SVK,1994,6.205530283
4666,SVK,1995,5.971993105
4667,SVK,1996,6.619895535
4668,SVK,1997,5.925836799
4669,SVK,1998,4.076099715
4670,SVK,1999,-0.105916496
4671,SVK,2000,1.166527158
4672,SVK,2001,3.2537868430000003
4673,SVK,2002,4.509441533
4674,SVK,2003,5.4990838779999995
4675,SVK,2004,5.278880348
4676,SVK,2005,6.623461609
4677,SVK,2006,8.493176949
4678,SVK,2007,10.832027900999998
4679,SVK,2008,5.57488636
4680,SVK,2009,-5.455532237000001
4681,SVK,2010,5.720844799
4682,SVK,2011,2.864442948
4683,SVK,2012,1.895810812
4684,SVK,2013,0.6708445820000001
4685,SVK,2014,2.7524343310000003
4686,SVK,2015,4.821918506
4687,SVK,2016,2.123319035
4688,SVK,2017,3.0463359530000003
4689,SVK,2018,3.8967444660000004
4690,SVK,2019,2.398568858
4800,FIN,1961,7.605110125
4801,FIN,1962,2.9817708689999995
4802,FIN,1963,3.284885937
4803,FIN,1964,5.238910981
4804,FIN,1965,5.302957387
4805,FIN,1966,2.372564531
4806,FIN,1967,2.168752561
4807,FIN,1968,2.30326052
4808,FIN,1969,9.593569081
4809,FIN,1970,7.584324329
4810,FIN,1971,2.0636174919999997
4811,FIN,1972,7.599717257000001
4812,FIN,1973,6.60078005
4813,FIN,1974,3.074182762
4814,FIN,1975,1.06907106
4815,FIN,1976,0.265728239
4816,FIN,1977,0.333786978
4817,FIN,1978,2.6000171340000002
4818,FIN,1979,6.981728106
4819,FIN,1980,5.1160310110000005
4820,FIN,1981,1.269660558
4821,FIN,1982,3.024378322
4822,FIN,1983,2.948641917
4823,FIN,1984,3.042766948
4824,FIN,1985,3.28163959
4825,FIN,1986,2.625254406
4826,FIN,1987,3.558129477
4827,FIN,1988,5.100336152
4828,FIN,1989,5.415935722
4829,FIN,1990,0.082747207
4830,FIN,1991,-5.886240227
4831,FIN,1992,-3.294276892
4832,FIN,1993,-0.6622284820000001
4833,FIN,1994,3.963752928
4834,FIN,1995,4.216678667
4835,FIN,1996,3.667308771
4836,FIN,1997,6.334234976
4837,FIN,1998,5.456998761
4838,FIN,1999,4.379653907
4839,FIN,2000,5.773365753999999
4840,FIN,2001,2.6097474480000002
4841,FIN,2002,1.707101815
4842,FIN,2003,2.003701569
4843,FIN,2004,3.9917428630000003
4844,FIN,2005,2.7796369710000004
4845,FIN,2006,4.028029789
4846,FIN,2007,5.299005366
4847,FIN,2008,0.784016829
4848,FIN,2009,-8.074615579
4849,FIN,2010,3.185911569
4850,FIN,2011,2.547530336
4851,FIN,2012,-1.3973545630000002
4852,FIN,2013,-0.902018503
4853,FIN,2014,-0.364940273
4854,FIN,2015,0.543559275
4855,FIN,2016,2.811651143
4856,FIN,2017,3.269865631
4857,FIN,2018,1.517584632
4858,FIN,2019,1.14610506
5907,TUR,1999,-3.263168697
5908,TUR,2000,6.933239832999999
5909,TUR,2001,-5.750006476
5910,TUR,2002,6.447721915
5911,TUR,2003,5.7632062479999995
5912,TUR,2004,9.795936407000001
5913,TUR,2005,8.992305021
5914,TUR,2006,6.947987774
5915,TUR,2007,5.043508088
5916,TUR,2008,0.815024592
5917,TUR,2009,-4.823154055
5918,TUR,2010,8.427104437
5919,TUR,2011,11.20011056
5920,TUR,2012,4.7884926519999995
5921,TUR,2013,8.485817023
5922,TUR,2014,4.939715133
5923,TUR,2015,6.084487003
5924,TUR,2016,3.3230841669999998
5925,TUR,2017,7.501997437000001
5926,TUR,2018,2.9589668110000003
5927,TUR,2019,0.9165347220000001
5928,GRC,1961,11.149556163
5929,GRC,1962,1.533500638
5930,GRC,1963,10.136061900000001
5931,GRC,1964,8.258337142
5932,GRC,1965,9.392667369
5933,GRC,1966,6.099201077999999
5934,GRC,1967,5.48110652
5935,GRC,1968,6.664490313
5936,GRC,1969,9.899628725
5937,GRC,1970,7.954759087999999
5938,GRC,1971,7.842764409
5939,GRC,1972,10.159237799
5940,GRC,1973,8.091400817
5941,GRC,1974,-6.438929739
5942,GRC,1975,6.3684986079999995
5943,GRC,1976,6.850727813
5944,GRC,1977,2.9430831060000004
5945,GRC,1978,7.2446123710000006
5946,GRC,1979,3.283444463
5947,GRC,1980,0.678008928
5948,GRC,1981,-1.556029615
5949,GRC,1982,-1.13023157
5950,GRC,1983,-1.078258627
5951,GRC,1984,2.006681698
5952,GRC,1985,2.513202726
5953,GRC,1986,0.514746511
5954,GRC,1987,-2.2567578740000003
5955,GRC,1988,4.2878890389999995
5956,GRC,1989,3.7989619660000002
5957,GRC,1990,0.00039064199999999996
5958,GRC,1991,3.10168366
5959,GRC,1992,0.6971545490000001
5960,GRC,1993,-1.599127065
5961,GRC,1994,1.9998470480000001
5962,GRC,1995,2.099813496
5963,GRC,1996,2.862128888
5964,GRC,1997,4.4841991310000004
5965,GRC,1998,3.894904782
5966,GRC,1999,3.072596667
5967,GRC,2000,3.919770755
5968,GRC,2001,4.1316120519999995
5969,GRC,2002,3.922871841
5970,GRC,2003,5.794531261
5971,GRC,2004,5.0609925780000005
5972,GRC,2005,0.599142078
5973,GRC,2006,5.652433691000001
5974,GRC,2007,3.27374689
5975,GRC,2008,-0.335172588
5976,GRC,2009,-4.300733649
5977,GRC,2010,-5.479037111
5978,GRC,2011,-9.132494135
5979,GRC,2012,-7.300493949
5980,GRC,2013,-3.2414250339999997
5981,GRC,2014,0.7397771470000001
5982,GRC,2015,-0.437833949
5983,GRC,2016,-0.190952292
5984,GRC,2017,1.5050993430000001
5985,GRC,2018,1.934370862
5986,GRC,2019,1.87086967
6325,NZL,1989,0.422120294
6326,NZL,1990,0.020469103
6327,NZL,1991,-1.316890403
6328,NZL,1992,0.698747812
6329,NZL,1993,5.22677952
6330,NZL,1994,5.5835792170000005
6331,NZL,1995,4.8952024860000005
6332,NZL,1996,4.066886638
6333,NZL,1997,2.45873016
6334,NZL,1998,0.307120049
6335,NZL,1999,4.5568391130000006
6336,NZL,2000,4.255410965
6337,NZL,2001,2.560955028
6338,NZL,2002,4.722729656
6339,NZL,2003,4.245034197
6340,NZL,2004,4.765465665
6341,NZL,2005,3.1567086630000003
6342,NZL,2006,2.93553789
6343,NZL,2007,3.300163488
6344,NZL,2008,-0.12036446099999999
6345,NZL,2009,-1.273475133
6346,NZL,2010,1.7576838909999999
6347,NZL,2011,1.7895549569999998
6348,NZL,2012,2.5404501440000002
6349,NZL,2013,2.295805043
6350,NZL,2014,3.560455904
6351,NZL,2015,3.5017496219999997
6352,NZL,2016,3.937200873
6353,NZL,2017,3.068591268
6354,NZL,2018,3.160613386
6355,NZL,2019,2.293732521
6996,ARG,1994,5.836200695
6997,ARG,1995,-2.845209605
6998,ARG,1996,5.526689834
6999,ARG,1997,8.11104676
7000,ARG,1998,3.8501788560000003
7001,ARG,1999,-3.3854570489999998
7002,ARG,2000,-0.788998924
7003,ARG,2001,-4.408839703
7004,ARG,2002,-10.894484806
7005,ARG,2003,8.837040773
7006,ARG,2004,9.029573318999999
7007,ARG,2005,8.851659925
7008,ARG,2006,8.047151495
7009,ARG,2007,9.007650884
7010,ARG,2008,4.057233103
7011,ARG,2009,-5.918525084
7012,ARG,2010,10.125398164
7013,ARG,2011,6.003951689
7014,ARG,2012,-1.026420465
7015,ARG,2013,2.405323788
7016,ARG,2014,-2.5126153280000003
7017,ARG,2015,2.7311598389999996
7018,ARG,2016,-2.080327847
7019,ARG,2017,2.818502971
7020,ARG,2018,-2.565351876
7021,ARG,2019,-2.0880148640000002
7498,SVN,1996,3.203002152
7499,SVN,1997,5.049794211
7500,SVN,1998,3.2793684610000002
7501,SVN,1999,5.332666604
7502,SVN,2000,3.6723692669999997
7503,SVN,2001,3.2165607030000003
7504,SVN,2002,3.505599548
7505,SVN,2003,2.960260183
7506,SVN,2004,4.359193075
7507,SVN,2005,3.7979703810000003
7508,SVN,2006,5.746397195
7509,SVN,2007,6.980162312999999
7510,SVN,2008,3.509841297
7511,SVN,2009,-7.548438755
7512,SVN,2010,1.3437484869999998
7513,SVN,2011,0.861329109
7514,SVN,2012,-2.639438709
7515,SVN,2013,-1.029284045
7516,SVN,2014,2.768158112
7517,SVN,2015,2.210081716
7518,SVN,2016,3.1216996260000003
7519,SVN,2017,4.833382972
7520,SVN,2018,4.118217756
7521,SVN,2019,2.4429921059999997
7936,GBR,1956,1.69560005
7937,GBR,1957,1.98798568
7938,GBR,1958,1.3561840369999998
7939,GBR,1959,4.16805805
7940,GBR,1960,6.349510373999999
7941,GBR,1961,2.701314163
7942,GBR,1962,1.098696221
7943,GBR,1963,4.859545177
7944,GBR,1964,5.594811074
7945,GBR,1965,2.1303330469999997
7946,GBR,1966,1.5674497459999999
7947,GBR,1967,2.77573769
7948,GBR,1968,5.472692991000001
7949,GBR,1969,1.9391377930000002
7950,GBR,1970,2.70858149
7951,GBR,1971,3.504717404
7952,GBR,1972,4.3216676089999995
7953,GBR,1973,6.523848439
7954,GBR,1974,-2.484403978
7955,GBR,1975,-1.473649508
7956,GBR,1976,2.91026616
7957,GBR,1977,2.457750486
7958,GBR,1978,4.204260516000001
7959,GBR,1979,3.749016604
7960,GBR,1980,-2.0313677880000003
7961,GBR,1981,-0.787743836
7962,GBR,1982,1.99489123
7963,GBR,1983,4.221856347
7964,GBR,1984,2.269105153
7965,GBR,1985,4.147415008
7966,GBR,1986,3.1503405860000004
7967,GBR,1987,5.3927383110000005
7968,GBR,1988,5.732413633999999
7969,GBR,1989,2.577602764
7970,GBR,1990,0.733755495
7971,GBR,1991,-1.103121627
7972,GBR,1992,0.401082053
7973,GBR,1993,2.489830956
7974,GBR,1994,3.846009173
7975,GBR,1995,2.531348051
7976,GBR,1996,2.491540992
7977,GBR,1997,3.8548417610000003
7978,GBR,1998,3.644864156
7979,GBR,1999,3.4282331110000004
7980,GBR,2000,3.437343476
7981,GBR,2001,2.974309037
7982,GBR,2002,2.324490803
7983,GBR,2003,3.2863248130000002
7984,GBR,2004,2.373960147
7985,GBR,2005,3.179800013
7986,GBR,2006,2.7882747689999996
7987,GBR,2007,2.430617711
7988,GBR,2008,-0.281099404
7989,GBR,2009,-4.247831113999999
7990,GBR,2010,1.949583527
7991,GBR,2011,1.5402064340000001
7992,GBR,2012,1.4789811869999998
7993,GBR,2013,2.139541662
7994,GBR,2014,2.607529549
7995,GBR,2015,2.355313963
7996,GBR,2016,1.9182601940000001
7997,GBR,2017,1.892077988
7998,GBR,2018,1.340721235
7999,GBR,2019,1.462658955
8238,AUS,1961,0.03892933
8239,AUS,1962,5.46536449
8240,AUS,1963,6.141478984
8241,AUS,1964,6.201589632
8242,AUS,1965,5.019544284
8243,AUS,1966,2.930416232
8244,AUS,1967,7.191554289
8245,AUS,1968,5.337194983
8246,AUS,1969,6.213955232000001
8247,AUS,1970,6.95450523
8248,AUS,1971,3.887858778
8249,AUS,1972,2.277009288
8250,AUS,1973,4.352974928
8251,AUS,1974,1.622461867
8252,AUS,1975,2.48240511
8253,AUS,1976,3.8380466189999995
8254,AUS,1977,1.486349326
8255,AUS,1978,2.01718848
8256,AUS,1979,4.581581731
8257,AUS,1980,2.715270018
8258,AUS,1981,4.181533194
8259,AUS,1982,-0.35699320700000003
8260,AUS,1983,-0.19403652300000002
8261,AUS,1984,6.5833607039999995
8262,AUS,1985,5.0243959380000005
8263,AUS,1986,1.854305225
8264,AUS,1987,5.292723487
8265,AUS,1988,4.4349930010000005
8266,AUS,1989,4.308708049
8267,AUS,1990,1.40506875
8268,AUS,1991,-1.331812263
8269,AUS,1992,2.9814018939999998
8270,AUS,1993,4.094141747
8271,AUS,1994,4.738021013
8272,AUS,1995,3.0780452719999998
8273,AUS,1996,4.046941188
8274,AUS,1997,4.167057087
8275,AUS,1998,4.986097789
8276,AUS,1999,4.2072926530000005
8277,AUS,2000,3.311016613
8278,AUS,2001,2.695819588
8279,AUS,2002,4.001884305
8280,AUS,2003,2.893519972
8281,AUS,2004,3.965407953
8282,AUS,2005,3.0631156639999997
8283,AUS,2006,2.757697883
8284,AUS,2007,4.429411065
8285,AUS,2008,2.54077461
8286,AUS,2009,1.8896103180000001
8287,AUS,2010,2.446157973
8288,AUS,2011,2.732219482
8289,AUS,2012,3.930315087
8290,AUS,2013,2.100240082
8291,AUS,2014,2.550190171
8292,AUS,2015,2.29189757
8293,AUS,2016,2.7583028919999997
8294,AUS,2017,2.497742343
8295,AUS,2018,2.77453138
8296,AUS,2019,1.8141564559999999
8871,USA,1948,4.11328801
8872,USA,1949,-0.5641815020000001
8873,USA,1950,8.686522822
8874,USA,1951,8.045798162999999
8875,USA,1952,4.088526031000001
8876,USA,1953,4.688175087
8877,USA,1954,-0.578411766
8878,USA,1955,7.133344963
8879,USA,1956,2.131157633
8880,USA,1957,2.105605074
8881,USA,1958,-0.740799003
8882,USA,1959,6.939228315
8883,USA,1960,2.5734445040000002
8884,USA,1961,2.563703984
8885,USA,1962,6.127078977
8886,USA,1963,4.355043958
8887,USA,1964,5.761261667
8888,USA,1965,6.497755076
8889,USA,1966,6.596014302
8890,USA,1967,2.742505207
8891,USA,1968,4.91560371
8892,USA,1969,3.124841706
8893,USA,1970,0.18604563600000001
8894,USA,1971,3.293362712
8895,USA,1972,5.25890076
8896,USA,1973,5.645719732000001
8897,USA,1974,-0.540542156
8898,USA,1975,-0.205464013
8899,USA,1976,5.388139227000001
8900,USA,1977,4.624167612
8901,USA,1978,5.535298232000001
8902,USA,1979,3.166146345
8903,USA,1980,-0.25675562
8904,USA,1981,2.537726188
8905,USA,1982,-1.802877995
8906,USA,1983,4.583923642
8907,USA,1984,7.236627274
8908,USA,1985,4.169652542
8909,USA,1986,3.4626454239999997
8910,USA,1987,3.459578845
8911,USA,1988,4.177055196
8912,USA,1989,3.67264756
8913,USA,1990,1.8859603219999999
8914,USA,1991,-0.108261775
8915,USA,1992,3.522442588
8916,USA,1993,2.752852142
8917,USA,1994,4.028831325
8918,USA,1995,2.6842847819999998
8919,USA,1996,3.7725038489999996
8920,USA,1997,4.4472209760000005
8921,USA,1998,4.481405288
8922,USA,1999,4.753238066000001
8923,USA,2000,4.1274779839999995
8924,USA,2001,0.998346545
8925,USA,2002,1.7416971019999998
8926,USA,2003,2.86120325
8927,USA,2004,3.798898468
8928,USA,2005,3.513208469
8929,USA,2006,2.85497234
8930,USA,2007,1.876176378
8931,USA,2008,-0.136579801
8932,USA,2009,-2.536758586
8933,USA,2010,2.56376816
8934,USA,2011,1.550833853
8935,USA,2012,2.249547395
8936,USA,2013,1.8420810140000001
8937,USA,2014,2.525971001
8938,USA,2015,3.075514954
8939,USA,2016,1.7114249119999998
8940,USA,2017,2.332681265
8941,USA,2018,2.9964622530000002
8942,USA,2019,2.161177627
8943,IND,1998,5.97895
8944,IND,1999,6.915939999999999
8945,IND,2000,5.69272
8946,IND,2001,3.8849099999999996
8947,IND,2002,4.55821
8948,IND,2003,6.8518
8949,IND,2004,7.897010000000001
8950,IND,2005,9.21089
8951,IND,2006,9.39265
8952,IND,2007,10.07771
8953,IND,2008,6.18689
8954,IND,2009,5.0377
8955,IND,2010,10.99734
8956,IND,2011,7.87178
8957,IND,2012,4.92565
8958,IND,2013,6.12592
8959,IND,2014,6.962910000000001
8960,IND,2015,7.48005
8961,IND,2016,9.0021
8962,IND,2017,6.55243
8963,IND,2018,6.7561
8964,IND,2019,4.85044
9444,IRL,1961,5.016705792
9445,IRL,1962,3.214665878
9446,IRL,1963,4.7474446530000005
9447,IRL,1964,3.78619641
9448,IRL,1965,1.932076904
9449,IRL,1966,0.8934388090000001
9450,IRL,1967,5.78564913
9451,IRL,1968,8.244036662000001
9452,IRL,1969,5.863609105
9453,IRL,1970,2.660770753
9454,IRL,1971,3.469887813
9455,IRL,1972,6.4898083
9456,IRL,1973,4.721428375
9457,IRL,1974,4.260229377
9458,IRL,1975,5.65664557
9459,IRL,1976,1.394807904
9460,IRL,1977,8.211300357999999
9461,IRL,1978,7.186728619
9462,IRL,1979,3.073036257
9463,IRL,1980,3.079329198
9464,IRL,1981,3.325215795
9465,IRL,1982,2.2834684530000002
9466,IRL,1983,-0.244301148
9467,IRL,1984,4.354372513
9468,IRL,1985,3.08561495
9469,IRL,1986,-0.42833052299999996
9470,IRL,1987,4.663091093999999
9471,IRL,1988,5.217414195
9472,IRL,1989,5.813919547999999
9473,IRL,1990,8.466527955
9474,IRL,1991,1.9296395380000002
9475,IRL,1992,3.343274244
9476,IRL,1993,2.692609172
9477,IRL,1994,5.755827001
9478,IRL,1995,10.386379739
9479,IRL,1996,7.370898352
9480,IRL,1997,11.014354973
9481,IRL,1998,8.727378989
9482,IRL,1999,10.506428367
9483,IRL,2000,9.413725931
9484,IRL,2001,5.310193903
9485,IRL,2002,5.899748965
9486,IRL,2003,3.000914002
9487,IRL,2004,6.782840258999999
9488,IRL,2005,5.736559654
9489,IRL,2006,4.991797813
9490,IRL,2007,5.318691655
9491,IRL,2008,-4.438432116
9492,IRL,2009,-5.074696261000001
9493,IRL,2010,1.77323143
9494,IRL,2011,0.6010884129999999
9495,IRL,2012,0.12780889199999998
9496,IRL,2013,1.226854183
9497,IRL,2014,8.640446695
9498,IRL,2015,25.176403008
9499,IRL,2016,1.993759887
9500,IRL,2017,9.129440553
9501,IRL,2018,8.51639513
9502,IRL,2019,5.565200242
9503,LVA,1996,2.546037939
9504,LVA,1997,8.939250873999999
9505,LVA,1998,6.365165441
9506,LVA,1999,2.827817155
9507,LVA,2000,5.595190756
9508,LVA,2001,6.319069413999999
9509,LVA,2002,7.115953816
9510,LVA,2003,8.43638489
9511,LVA,2004,8.341377231000001
9512,LVA,2005,10.743386699
9513,LVA,2006,11.888090802
9514,LVA,2007,10.010851028
9515,LVA,2008,-3.34636695
9516,LVA,2009,-14.238138163
9517,LVA,2010,-4.47343125
9518,LVA,2011,6.2851122020000005
9519,LVA,2012,4.134221709
9520,LVA,2013,2.3280040580000003
9521,LVA,2014,1.915190213
9522,LVA,2015,3.260524106
9523,LVA,2016,1.77379715
9524,LVA,2017,3.787317933
9525,LVA,2018,4.284825163
9526,LVA,2019,2.197441768
9768,ZAF,1961,3.844700285
9769,ZAF,1962,6.178003693
9770,ZAF,1963,7.373624991
9771,ZAF,1964,7.9396602629999995
9772,ZAF,1965,6.122818229
9773,ZAF,1966,4.438359237
9774,ZAF,1967,7.19658463
9775,ZAF,1968,4.153351396000001
9776,ZAF,1969,4.71590865
9777,ZAF,1970,5.248619765
9778,ZAF,1971,4.278941108
9779,ZAF,1972,1.654819721
9780,ZAF,1973,4.571968895
9781,ZAF,1974,6.111081842000001
9782,ZAF,1975,1.695447891
9783,ZAF,1976,2.249870525
9784,ZAF,1977,-0.09398890900000001
9785,ZAF,1978,3.014483073
9786,ZAF,1979,3.790505006
9787,ZAF,1980,6.620609859
9788,ZAF,1981,5.36077339
9789,ZAF,1982,-0.383397421
9790,ZAF,1983,-1.8465508830000001
9791,ZAF,1984,5.099128024
9792,ZAF,1985,-1.211522845
9793,ZAF,1986,0.017868053999999998
9794,ZAF,1987,2.100721494
9795,ZAF,1988,4.200106208999999
9796,ZAF,1989,2.394778354
9797,ZAF,1990,-0.317761322
9798,ZAF,1991,-1.01825051
9799,ZAF,1992,-2.137038978
9800,ZAF,1993,1.23354537
9801,ZAF,1994,3.234105058
9802,ZAF,1995,3.115676732
9803,ZAF,1996,4.306697761000001
9804,ZAF,1997,2.646818138
9805,ZAF,1998,0.517365978
9806,ZAF,1999,2.358124502
9807,ZAF,2000,4.154555239
9808,ZAF,2001,2.7354643160000003
9809,ZAF,2002,3.667827485
9810,ZAF,2003,2.9490778630000003
9811,ZAF,2004,4.5545415
9812,ZAF,2005,5.27711714
9813,ZAF,2006,5.603678218
9814,ZAF,2007,5.36046514
9815,ZAF,2008,3.191051645
9816,ZAF,2009,-1.538100864
9817,ZAF,2010,3.0397770630000003
9818,ZAF,2011,3.284166665
9819,ZAF,2012,2.213353861
9820,ZAF,2013,2.485199466
9821,ZAF,2014,1.846993545
9822,ZAF,2015,1.193736295
9823,ZAF,2016,0.39905628200000004
9824,ZAF,2017,1.4145813809999999
9825,ZAF,2018,0.787014364
9826,ZAF,2019,0.152583893
10315,CZE,1995,6.074749667000001
10316,CZE,1996,4.159050263999999
10317,CZE,1997,-0.518331043
10318,CZE,1998,-0.356566596
10319,CZE,1999,1.384148943
10320,CZE,2000,4.001028635
10321,CZE,2001,3.0429765630000003
10322,CZE,2002,1.569855328
10323,CZE,2003,3.5836884589999998
10324,CZE,2004,4.814261001
10325,CZE,2005,6.60161753
10326,CZE,2006,6.766932681
10327,CZE,2007,5.570338859
10328,CZE,2008,2.686411951
10329,CZE,2009,-4.657331092
10330,CZE,2010,2.434902159
10331,CZE,2011,1.7603596240000001
10332,CZE,2012,-0.785004299
10333,CZE,2013,-0.045903674000000005
10334,CZE,2014,2.2621028969999997
10335,CZE,2015,5.388380838
10336,CZE,2016,2.53728452
10337,CZE,2017,5.1687243039999995
10338,CZE,2018,3.18131405
10339,CZE,2019,2.335309283
10578,DEU,1961,4.715084981
10579,DEU,1962,4.7036968439999995
10580,DEU,1963,2.921848199
10581,DEU,1964,6.44963049
10582,DEU,1965,5.242137365
10583,DEU,1966,2.906269515
10584,DEU,1967,-0.253883545
10585,DEU,1968,5.531456914
10586,DEU,1969,7.4605032179999995
10587,DEU,1970,5.036754696
10588,DEU,1971,3.1370989519999997
10589,DEU,1972,4.304424449
10590,DEU,1973,4.768916099999999
10591,DEU,1974,0.8939719559999999
10592,DEU,1975,-0.866704261
10593,DEU,1976,4.952967635
10594,DEU,1977,3.33581306
10595,DEU,1978,3.015798709
10596,DEU,1979,4.157204192
10597,DEU,1980,1.39527083
10598,DEU,1981,0.535874704
10599,DEU,1982,-0.39811844700000004
10600,DEU,1983,1.5691072169999998
10601,DEU,1984,2.8262914980000002
10602,DEU,1985,2.3247726930000003
10603,DEU,1986,2.290501473
10604,DEU,1987,1.4021507
10605,DEU,1988,3.704255963
10606,DEU,1989,3.9052841810000003
10607,DEU,1990,5.243652816
10608,DEU,1991,5.116413851
10609,DEU,1992,1.919732513
10610,DEU,1993,-0.976914739
10611,DEU,1994,2.398810051
10612,DEU,1995,1.5408476759999998
10613,DEU,1996,0.815596667
10614,DEU,1997,1.7855994780000002
10615,DEU,1998,2.020265949
10616,DEU,1999,1.8871439980000002
10617,DEU,2000,2.903186555
10618,DEU,2001,1.687438351
10619,DEU,2002,-0.20087919199999998
10620,DEU,2003,-0.703033283
10621,DEU,2004,1.183935935
10622,DEU,2005,0.7258581559999999
10623,DEU,2006,3.813558799
10624,DEU,2007,2.982091061
10625,DEU,2008,0.959853255
10626,DEU,2009,-5.696354358
10627,DEU,2010,4.185545568999999
10628,DEU,2011,3.9141074610000004
10629,DEU,2012,0.42636660600000004
10630,DEU,2013,0.43237058700000003
10631,DEU,2014,2.217380896
10632,DEU,2015,1.4867817840000002
10633,DEU,2016,2.22999986
10634,DEU,2017,2.604421317
10635,DEU,2018,1.267964694
10636,DEU,2019,0.555437816
10637,POL,1996,6.056524567
10638,POL,1997,6.459610077000001
10639,POL,1998,4.614550325
10640,POL,1999,4.642243587
10641,POL,2000,4.559579311999999
10642,POL,2001,1.2479365340000002
10643,POL,2002,2.041612878
10644,POL,2003,3.562485295
10645,POL,2004,5.135629368
10646,POL,2005,3.493206194
10647,POL,2006,6.179360865
10648,POL,2007,7.035224400000001
10649,POL,2008,4.249679424
10650,POL,2009,2.820156378
10651,POL,2010,3.60755266
10652,POL,2011,5.017291246
10653,POL,2012,1.607879655
10654,POL,2013,1.3919245619999998
10655,POL,2014,3.318420471
10656,POL,2015,3.8390768160000004
10657,POL,2016,3.063853737
10658,POL,2017,4.937653106
10659,POL,2018,5.349027179
10660,POL,2019,4.146999116
10661,CHE,1961,8.108092925
10662,CHE,1962,4.78961946
10663,CHE,1963,4.879583346
10664,CHE,1964,5.256180587
10665,CHE,1965,3.182241618
10666,CHE,1966,2.460497781
10667,CHE,1967,3.056404188
10668,CHE,1968,3.588390121
10669,CHE,1969,5.633006773
10670,CHE,1970,6.3768657929999994
10671,CHE,1971,4.275220828
10672,CHE,1972,3.4575059830000003
10673,CHE,1973,3.161003983
10674,CHE,1974,1.1766203640000001
10675,CHE,1975,-6.711689925
10676,CHE,1976,-0.8396408259999999
10677,CHE,1977,2.359254298
10678,CHE,1978,0.5935984879999999
10679,CHE,1979,2.435641218
10680,CHE,1980,4.381663293
10681,CHE,1981,1.6013358690000001
10682,CHE,1982,-1.309417441
10683,CHE,1983,0.639079458
10684,CHE,1984,3.008456411
10685,CHE,1985,3.673595918
10686,CHE,1986,1.85863279
10687,CHE,1987,1.5854781669999998
10688,CHE,1988,3.277596252
10689,CHE,1989,4.330794053
10690,CHE,1990,3.6746256330000002
10691,CHE,1991,-0.9158165709999999
10692,CHE,1992,-0.043732993
10693,CHE,1993,-0.125983546
10694,CHE,1994,1.269757697
10695,CHE,1995,0.480866444
10696,CHE,1996,0.540027594
10697,CHE,1997,2.340149881
10698,CHE,1998,2.989891843
10699,CHE,1999,1.694719841
10700,CHE,2000,3.936823449
10701,CHE,2001,1.312423661
10702,CHE,2002,0.162612917
10703,CHE,2003,0.03957656
10704,CHE,2004,2.776223501
10705,CHE,2005,3.1152455339999996
10706,CHE,2006,3.988634215
10707,CHE,2007,4.11187781
10708,CHE,2008,2.154701861
10709,CHE,2009,-2.2221071119999998
10710,CHE,2010,3.00269911
10711,CHE,2011,1.692808499
10712,CHE,2012,1.006024089
10713,CHE,2013,1.8520397640000001
10714,CHE,2014,2.44921809
10715,CHE,2015,1.333369083
10716,CHE,2016,1.722740654
10717,CHE,2017,1.7994089780000002
10718,CHE,2018,2.750553716
10719,CHE,2019,1.246409286
10809,NLD,1961,0.294943171
10810,NLD,1962,6.843887769
10811,NLD,1963,3.6240782869999997
10812,NLD,1964,8.276610857
10813,NLD,1965,5.248544306
10814,NLD,1966,2.7400558810000004
10815,NLD,1967,5.280608671
10816,NLD,1968,6.416139734
10817,NLD,1969,6.429375697
10818,NLD,1970,5.6951704329999995
10819,NLD,1971,4.221228752
10820,NLD,1972,3.310051608
10821,NLD,1973,4.688418599999999
10822,NLD,1974,3.966025547
10823,NLD,1975,-0.091148485
10824,NLD,1976,5.119107989
10825,NLD,1977,2.37601879
10826,NLD,1978,2.484577646
10827,NLD,1979,1.837571391
10828,NLD,1980,1.682940678
10829,NLD,1981,-0.514010564
10830,NLD,1982,-1.2831542870000001
10831,NLD,1983,1.757967246
10832,NLD,1984,3.119475309
10833,NLD,1985,2.656018903
10834,NLD,1986,3.125094644
10835,NLD,1987,1.8506242869999998
10836,NLD,1988,2.9802729410000004
10837,NLD,1989,4.420857474
10838,NLD,1990,4.1824982539999995
10839,NLD,1991,2.439883431
10840,NLD,1992,1.706612395
10841,NLD,1993,1.255960154
10842,NLD,1994,2.960007323
10843,NLD,1995,3.116795498
10844,NLD,1996,3.494143155
10845,NLD,1997,4.327536965
10846,NLD,1998,4.6684276
10847,NLD,1999,5.032373145
10848,NLD,2000,4.199320479
10849,NLD,2001,2.327949597
10850,NLD,2002,0.216832428
10851,NLD,2003,0.157370835
10852,NLD,2004,1.9830267480000001
10853,NLD,2005,2.046850215
10854,NLD,2006,3.461742971
10855,NLD,2007,3.772020443
10856,NLD,2008,2.171887323
10857,NLD,2009,-3.667206604
10858,NLD,2010,1.3409776000000002
10859,NLD,2011,1.549663218
10860,NLD,2012,-1.031171307
10861,NLD,2013,-0.12699285800000001
10862,NLD,2014,1.424084034
10863,NLD,2015,1.9582758919999999
10864,NLD,2016,2.191713719
10865,NLD,2017,2.9109896839999996
10866,NLD,2018,2.360689265
10867,NLD,2019,1.6774835680000002
11072,MEX,1961,4.004538141
11073,MEX,1962,4.568668896
11074,MEX,1963,7.472304364
11075,MEX,1964,10.6322356
11076,MEX,1965,6.498227055
11077,MEX,1966,6.15823534
11078,MEX,1967,5.937297308
11079,MEX,1968,7.251093632000001
11080,MEX,1969,5.804921082000001
11081,MEX,1970,6.566112298999999
11082,MEX,1971,4.171697699
11083,MEX,1972,8.48742695
11084,MEX,1973,8.409315453
11085,MEX,1974,6.111085837999999
11086,MEX,1975,5.610444329
11087,MEX,1976,4.239483401
11088,MEX,1977,3.442377703
11089,MEX,1978,8.249416902
11090,MEX,1979,9.15520877
11091,MEX,1980,8.324014082
11092,MEX,1981,8.525606663
11093,MEX,1982,-0.5208080420000001
11094,MEX,1983,-3.486421804
11095,MEX,1984,3.410814135
11096,MEX,1985,2.187693116
11097,MEX,1986,-3.078955375
11098,MEX,1987,1.722439312
11099,MEX,1988,1.283260997
11100,MEX,1989,4.105509331
11101,MEX,1990,5.1757683860000006
11102,MEX,1991,4.214754838999999
11103,MEX,1992,3.541102416
11104,MEX,1993,1.9411558480000002
11105,MEX,1994,4.941080695
11106,MEX,1995,-6.291230852000001
11107,MEX,1996,6.773258695
11108,MEX,1997,6.8468522929999995
11109,MEX,1998,5.163925172
11110,MEX,1999,2.753554243
11111,MEX,2000,4.942453694
11112,MEX,2001,-0.404390111
11113,MEX,2002,-0.039844485
11114,MEX,2003,1.4463826990000002
11115,MEX,2004,3.920590802
11116,MEX,2005,2.3078070619999997
11117,MEX,2006,4.495077898
11118,MEX,2007,2.2914457280000002
11119,MEX,2008,1.1435845629999999
11120,MEX,2009,-5.285744124
11121,MEX,2010,5.1181181460000005
11122,MEX,2011,3.663007912
11123,MEX,2012,3.64232268
11124,MEX,2013,1.354091965
11125,MEX,2014,2.849773261
11126,MEX,2015,3.293151519
11127,MEX,2016,2.630532422
11128,MEX,2017,2.113129147
11129,MEX,2018,2.202057475
11130,MEX,2019,-0.304068004
12042,ISR,1996,6.003064006000001
12043,ISR,1997,3.906216358
12044,ISR,1998,4.169976509
12045,ISR,1999,3.600350155
12046,ISR,2000,9.012341598999999
12047,ISR,2001,-0.166097245
12048,ISR,2002,-0.146001319
12049,ISR,2003,1.129521342
12050,ISR,2004,4.752031419
12051,ISR,2005,4.0254884230000005
12052,ISR,2006,5.5885903820000005
12053,ISR,2007,6.070204857999999
12054,ISR,2008,3.315139462
12055,ISR,2009,0.7859971809999999
12056,ISR,2010,5.308482371
12057,ISR,2011,4.825100881
12058,ISR,2012,1.7940609969999999
12059,ISR,2013,4.270270334
12060,ISR,2014,4.172631534
12061,ISR,2015,2.091829703
12062,ISR,2016,3.8264495910000003
12063,ISR,2017,3.5702945269999997
12064,ISR,2018,3.586492717
12065,ISR,2019,3.404501577
12647,SAU,2010,7.434441862999999
12648,SAU,2011,9.996935546
12649,SAU,2012,5.4114799289999995
12650,SAU,2013,2.6992217960000002
12651,SAU,2014,3.652405655
12652,SAU,2015,4.106442914
12653,SAU,2016,1.670610635
12654,SAU,2017,-0.7414961059999999
12655,SAU,2018,2.434099085
12656,SAU,2019,0.331423207
13361,ISL,1961,-0.08357971900000001
13362,ISL,1962,8.31268233
13363,ISL,1963,10.283143638
13364,ISL,1964,9.916928545
13365,ISL,1965,7.289277522999999
13366,ISL,1966,8.736574105
13367,ISL,1967,-1.268337304
13368,ISL,1968,-5.47454592
13369,ISL,1969,2.374282266
13370,ISL,1970,7.459220782999999
13371,ISL,1971,13.060837645
13372,ISL,1972,6.177334447000001
13373,ISL,1973,6.806009722000001
13374,ISL,1974,5.706292137999999
13375,ISL,1975,0.6461550770000001
13376,ISL,1976,5.9593675170000004
13377,ISL,1977,8.822277247
13378,ISL,1978,6.016714595
13379,ISL,1979,4.860582385
13380,ISL,1980,5.74792071
13381,ISL,1981,4.265007122
13382,ISL,1982,2.154566228
13383,ISL,1983,-2.151161703
13384,ISL,1984,4.129118222
13385,ISL,1985,3.292841395
13386,ISL,1986,6.270541955
13387,ISL,1987,8.545939762
13388,ISL,1988,-0.089726031
13389,ISL,1989,0.258439856
13390,ISL,1990,1.169370319
13391,ISL,1991,-0.034325159
13392,ISL,1992,-3.111126247
13393,ISL,1993,1.687747994
13394,ISL,1994,3.830666153
13395,ISL,1995,0.33418624
13396,ISL,1996,4.573163799
13397,ISL,1997,5.760476109
13398,ISL,1998,7.095560545
13399,ISL,1999,4.043050078
13400,ISL,2000,4.8915936680000005
13401,ISL,2001,3.898810695
13402,ISL,2002,0.681170993
13403,ISL,2003,2.2681369719999998
13404,ISL,2004,8.042204808
13405,ISL,2005,6.330001727999999
13406,ISL,2006,5.248820337
13407,ISL,2007,9.365322355
13408,ISL,2008,1.991980822
13409,ISL,2009,-6.777215054
13410,ISL,2010,-3.435875598
13411,ISL,2011,1.8816203230000002
13412,ISL,2012,1.29643759
13413,ISL,2013,4.1338511019999995
13414,ISL,2014,2.082623151
13415,ISL,2015,4.748984992
13416,ISL,2016,6.627036639
13417,ISL,2017,4.5182916639999995
13418,ISL,2018,3.858772683
13419,ISL,2019,1.942056421
13971,SWE,1961,5.681250832000001
13972,SWE,1962,4.259234837
13973,SWE,1963,5.327898335
13974,SWE,1964,6.821223035
13975,SWE,1965,3.8213444539999997
13976,SWE,1966,2.090898033
13977,SWE,1967,3.36556737
13978,SWE,1968,3.638444929
13979,SWE,1969,5.00905461
13980,SWE,1970,6.7194637120000005
13981,SWE,1971,0.642690977
13982,SWE,1972,2.357291528
13983,SWE,1973,4.208676465
13984,SWE,1974,3.2469102110000003
13985,SWE,1975,2.69725167
13986,SWE,1976,0.36057365399999997
13987,SWE,1977,-1.547076475
13988,SWE,1978,2.0315084
13989,SWE,1979,4.037575509
13990,SWE,1980,1.425866434
13991,SWE,1981,-0.191033692
13992,SWE,1982,1.2417463359999998
13993,SWE,1983,1.8778916559999999
13994,SWE,1984,4.311720468
13995,SWE,1985,2.216964531
13996,SWE,1986,2.788005057
13997,SWE,1987,3.4004736010000003
13998,SWE,1988,2.601605927
13999,SWE,1989,2.7461688
14000,SWE,1990,1.0287217770000001
14001,SWE,1991,-1.079469324
14002,SWE,1992,-1.182429589
14003,SWE,1993,-1.9952813719999998
14004,SWE,1994,3.92995846
14005,SWE,1995,3.935200665
14006,SWE,1996,1.5794787209999999
14007,SWE,1997,3.070538286
14008,SWE,1998,4.311853685
14009,SWE,1999,4.24718317
14010,SWE,2000,4.766368213
14011,SWE,2001,1.449490461
14012,SWE,2002,2.196930572
14013,SWE,2003,2.309815494
14014,SWE,2004,4.336837906
14015,SWE,2005,2.858827822
14016,SWE,2006,4.662775239
14017,SWE,2007,3.439207901
14018,SWE,2008,-0.450562756
14019,SWE,2009,-4.339800337
14020,SWE,2010,5.952101924
14021,SWE,2011,3.195346541
14022,SWE,2012,-0.5882896679999999
14023,SWE,2013,1.187770596
14024,SWE,2014,2.657800482
14025,SWE,2015,4.489277444
14026,SWE,2016,2.070583839
14027,SWE,2017,2.567936714
14028,SWE,2018,1.950015923
14029,SWE,2019,1.260981585
14030,CHN,1992,14.2
14031,CHN,1993,13.9
14032,CHN,1994,13.0
14033,CHN,1995,11.0
14034,CHN,1996,9.9
14035,CHN,1997,9.2
14036,CHN,1998,7.8
14037,CHN,1999,7.7
14038,CHN,2000,8.5
14039,CHN,2001,8.3
14040,CHN,2002,9.1
14041,CHN,2003,10.0
14042,CHN,2004,10.1
14043,CHN,2005,11.4
14044,CHN,2006,12.7
14045,CHN,2007,14.2
14046,CHN,2008,9.7
14047,CHN,2009,9.4
14048,CHN,2010,10.6
14049,CHN,2011,9.5
14050,CHN,2012,7.9
14051,CHN,2013,7.8
14052,CHN,2014,7.3
14053,CHN,2015,6.9
14054,CHN,2016,6.7
14055,CHN,2017,6.8
14056,CHN,2018,6.6
14057,CHN,2019,6.1
14058,CAN,1962,7.425369121
14059,CAN,1963,5.349535957
14060,CAN,1964,6.6428820360000005
14061,CAN,1965,6.316703123
14062,CAN,1966,6.704816363
14063,CAN,1967,3.091360028
14064,CAN,1968,4.995509705
14065,CAN,1969,5.045503796
14066,CAN,1970,2.959969977
14067,CAN,1971,3.970338478
14068,CAN,1972,5.509636876
14069,CAN,1973,6.835819498999999
14070,CAN,1974,3.2803193189999997
14071,CAN,1975,1.461126554
14072,CAN,1976,5.878737271
14073,CAN,1977,3.4381142469999997
14074,CAN,1978,3.683539078
14075,CAN,1979,3.7111335260000002
14076,CAN,1980,2.155536079
14077,CAN,1981,3.474064895
14078,CAN,1982,-3.187262084
14079,CAN,1983,2.601339447
14080,CAN,1984,5.908457042
14081,CAN,1985,4.7373998969999995
14082,CAN,1986,2.144972051
14083,CAN,1987,4.072959129
14084,CAN,1988,4.4101109769999995
14085,CAN,1989,2.316979303
14086,CAN,1990,0.164672536
14087,CAN,1991,-2.0860854769999997
14088,CAN,1992,0.9002595720000001
14089,CAN,1993,2.660856578
14090,CAN,1994,4.494466214
14091,CAN,1995,2.69397627
14092,CAN,1996,1.619172469
14093,CAN,1997,4.280040078
14094,CAN,1998,3.896151839
14095,CAN,1999,5.162913598
14096,CAN,2000,5.177635689
14097,CAN,2001,1.789972836
14098,CAN,2002,3.0180505460000004
14099,CAN,2003,1.801518098
14100,CAN,2004,3.0869808180000002
14101,CAN,2005,3.2042004289999997
14102,CAN,2006,2.6343038119999997
14103,CAN,2007,2.071825046
14104,CAN,2008,1.0042891870000001
14105,CAN,2009,-2.9259556110000005
14106,CAN,2010,3.089919454
14107,CAN,2011,3.146100495
14108,CAN,2012,1.76096156
14109,CAN,2013,2.329122521
14110,CAN,2014,2.870036041
14111,CAN,2015,0.6591768889999999
14112,CAN,2016,1.001394427
14113,CAN,2017,3.170729868
14114,CAN,2018,2.013639215
14115,CAN,2019,1.656040851
15080,FRA,1961,5.506345782
15081,FRA,1962,6.672032107000001
15082,FRA,1963,5.531062317999999
15083,FRA,1964,6.523360807
15084,FRA,1965,4.7733080999999995
15085,FRA,1966,5.21573737
15086,FRA,1967,4.6900498719999995
15087,FRA,1968,4.2588592180000004
15088,FRA,1969,6.987912918999999
15089,FRA,1970,5.732331958
15090,FRA,1971,4.783215791
15091,FRA,1972,4.430857864
15092,FRA,1973,5.439987893
15093,FRA,1974,3.109578765
15094,FRA,1975,-0.278408316
15095,FRA,1976,4.243828731
15096,FRA,1977,3.2175039360000004
15097,FRA,1978,3.3501140210000004
15098,FRA,1979,3.241482064
15099,FRA,1980,1.624298104
15100,FRA,1981,1.068483575
15101,FRA,1982,2.5055374059999997
15102,FRA,1983,1.240515165
15103,FRA,1984,1.513542067
15104,FRA,1985,1.623011357
15105,FRA,1986,2.337650944
15106,FRA,1987,2.561786439
15107,FRA,1988,4.74270095
15108,FRA,1989,4.3436056039999995
15109,FRA,1990,2.9237082489999997
15110,FRA,1991,1.048104023
15111,FRA,1992,1.599404201
15112,FRA,1993,-0.6288612920000001
15113,FRA,1994,2.358271299
15114,FRA,1995,2.106433741
15115,FRA,1996,1.41318555
15116,FRA,1997,2.3360451419999997
15117,FRA,1998,3.588360766
15118,FRA,1999,3.4216256830000003
15119,FRA,2000,3.923450211
15120,FRA,2001,1.983730101
15121,FRA,2002,1.13559014
15122,FRA,2003,0.82332333
15123,FRA,2004,2.829706167
15124,FRA,2005,1.6635319259999999
15125,FRA,2006,2.449372803
15126,FRA,2007,2.424881547
15127,FRA,2008,0.254849201
15128,FRA,2009,-2.873357664
15129,FRA,2010,1.949238258
15130,FRA,2011,2.192605935
15131,FRA,2012,0.313419619
15132,FRA,2013,0.576326136
15133,FRA,2014,0.956135185
15134,FRA,2015,1.112865307
15135,FRA,2016,1.0955103990000001
15136,FRA,2017,2.2914644490000002
15137,FRA,2018,1.792817874
15138,FRA,2019,1.5086807819999999
15139,RUS,2004,7.175949674
15140,RUS,2005,6.3761867
15141,RUS,2006,8.153432158
15142,RUS,2007,8.535080462
15143,RUS,2008,5.247953375
15144,RUS,2009,-7.820884982000001
15145,RUS,2010,4.503725644
15146,RUS,2011,2.590696622
15147,RUS,2012,4.024086315
15148,RUS,2013,1.755422064
15149,RUS,2014,0.736267283
15150,RUS,2015,-1.9727192530000002
15151,RUS,2016,0.193671101
15152,RUS,2017,1.825809276
15153,RUS,2018,2.536331395
15154,RUS,2019,1.34187548
15155,BRA,1997,3.3948459989999997
15156,BRA,1998,0.338097893
15157,BRA,1999,0.467937582
15158,BRA,2000,4.38794943
15159,BRA,2001,1.3898963969999998
15160,BRA,2002,3.053461875
15161,BRA,2003,1.140828991
15162,BRA,2004,5.759964641
15163,BRA,2005,3.202131375
15164,BRA,2006,3.961988719
15165,BRA,2007,6.069870612000001
15166,BRA,2008,5.0941954439999995
15167,BRA,2009,-0.125811993
15168,BRA,2010,7.528225831
15169,BRA,2011,3.974423077
15170,BRA,2012,1.921175989
15171,BRA,2013,3.004822662
15172,BRA,2014,0.503955742
15173,BRA,2015,-3.545763395
15174,BRA,2016,-3.275916898
15175,BRA,2017,1.322869048
15176,BRA,2018,1.3172239909999999
15177,BRA,2019,1.13658558
15348,LUX,1961,3.8304392239999996
15349,LUX,1962,1.359113095
15350,LUX,1963,3.438827543
15351,LUX,1964,7.865922755
15352,LUX,1965,1.928468667
15353,LUX,1966,1.105516422
15354,LUX,1967,0.216218322
15355,LUX,1968,4.184160058
15356,LUX,1969,9.973134663
15357,LUX,1970,1.703244194
15358,LUX,1971,2.667236285
15359,LUX,1972,6.598192675
15360,LUX,1973,8.312676881
15361,LUX,1974,4.212467414
15362,LUX,1975,-6.571370933
15363,LUX,1976,2.534331931
15364,LUX,1977,1.5697765369999999
15365,LUX,1978,4.0749714180000005
15366,LUX,1979,2.345608743
15367,LUX,1980,0.840882927
15368,LUX,1981,-0.550950514
15369,LUX,1982,1.1312969990000001
15370,LUX,1983,2.9890767910000005
15371,LUX,1984,6.186939275
15372,LUX,1985,2.7917061760000004
15373,LUX,1986,9.983934794
15374,LUX,1987,3.95097795
15375,LUX,1988,8.463282839
15376,LUX,1989,9.798061456000001
15377,LUX,1990,5.319932178999999
15378,LUX,1991,8.644190519
15379,LUX,1992,1.819652759
15380,LUX,1993,4.200647995
15381,LUX,1994,3.820921228
15382,LUX,1995,2.343605185
15383,LUX,1996,1.388404754
15384,LUX,1997,5.709723326000001
15385,LUX,1998,6.044615825
15386,LUX,1999,8.480976317
15387,LUX,2000,8.239846631
15388,LUX,2001,2.532030671
15389,LUX,2002,3.819384434
15390,LUX,2003,1.629276604
15391,LUX,2004,3.612105161
15392,LUX,2005,3.172428245
15393,LUX,2006,5.1784895010000005
15394,LUX,2007,8.35453541
15395,LUX,2008,-1.279593312
15396,LUX,2009,-4.3586359869999995
15397,LUX,2010,4.865016105
15398,LUX,2011,2.539227878
15399,LUX,2012,-0.35253159100000003
15400,LUX,2013,3.654237835
15401,LUX,2014,4.297348197
15402,LUX,2015,4.305238019
15403,LUX,2016,4.574503836
15404,LUX,2017,1.801106446
15405,LUX,2018,3.110893903
15406,LUX,2019,2.297883103
15508,PRT,1961,5.469348151
15509,PRT,1962,6.653563684
15510,PRT,1963,5.9213628389999995
15511,PRT,1964,6.56762495
15512,PRT,1965,7.476432841
15513,PRT,1966,4.077933343
15514,PRT,1967,7.544392043999999
15515,PRT,1968,8.87553398
15516,PRT,1969,2.120771158
15517,PRT,1970,9.113816815
15518,PRT,1971,6.6316508370000005
15519,PRT,1972,8.015702403999999
15520,PRT,1973,11.200670774
15521,PRT,1974,1.142867048
15522,PRT,1975,-4.347632287
15523,PRT,1976,6.900222782
15524,PRT,1977,5.602598705
15525,PRT,1978,2.8159751280000003
15526,PRT,1979,5.638925927000001
15527,PRT,1980,4.589344229
15528,PRT,1981,1.6181129090000002
15529,PRT,1982,2.135361027
15530,PRT,1983,-0.173104929
15531,PRT,1984,-1.879986641
15532,PRT,1985,2.807448562
15533,PRT,1986,4.140953638
15534,PRT,1987,5.961431846
15535,PRT,1988,7.845395848
15536,PRT,1989,5.432051915
15537,PRT,1990,4.771366045
15538,PRT,1991,2.4385048780000003
15539,PRT,1992,1.8968535569999998
15540,PRT,1993,-1.374434724
15541,PRT,1994,2.472819014
15542,PRT,1995,2.9224797110000003
15543,PRT,1996,3.504247398
15544,PRT,1997,4.4008679410000004
15545,PRT,1998,4.807963448
15546,PRT,1999,3.9065765010000004
15547,PRT,2000,3.816177881
15548,PRT,2001,1.943672465
15549,PRT,2002,0.770924127
15550,PRT,2003,-0.930520583
15551,PRT,2004,1.788735189
15552,PRT,2005,0.781848115
15553,PRT,2006,1.625033855
15554,PRT,2007,2.506579954
15555,PRT,2008,0.319248579
15556,PRT,2009,-3.122080103
15557,PRT,2010,1.73762581
15558,PRT,2011,-1.6961657119999998
15559,PRT,2012,-4.057294399
15560,PRT,2013,-0.922643753
15561,PRT,2014,0.792191065
15562,PRT,2015,1.792045743
15563,PRT,2016,2.01948567
15564,PRT,2017,3.506345449
15565,PRT,2018,2.637243933
15566,PRT,2019,2.16538582
15805,ITA,1961,8.206575094
15806,ITA,1962,6.204067659
15807,ITA,1963,5.610209643999999
15808,ITA,1964,2.796485155
15809,ITA,1965,3.268929279
15810,ITA,1966,5.984690187999999
15811,ITA,1967,7.178656114
15812,ITA,1968,6.5444951179999995
15813,ITA,1969,6.098083851
15814,ITA,1970,6.639614491000001
15815,ITA,1971,1.93405685
15816,ITA,1972,3.1542799710000002
15817,ITA,1973,6.548872733
15818,ITA,1974,5.276768225
15819,ITA,1975,-2.049641551
15820,ITA,1976,6.528505504
15821,ITA,1977,2.358976326
15822,ITA,1978,3.650845753
15823,ITA,1979,5.531316
15824,ITA,1980,3.477944452
15825,ITA,1981,0.780865695
15826,ITA,1982,0.413585662
15827,ITA,1983,1.169203496
15828,ITA,1984,3.225852378
15829,ITA,1985,2.798085728
15830,ITA,1986,2.859971887
15831,ITA,1987,3.1919606189999996
15832,ITA,1988,4.19437727
15833,ITA,1989,3.3883835110000002
15834,ITA,1990,2.052581478
15835,ITA,1991,1.5337343140000002
15836,ITA,1992,0.834275467
15837,ITA,1993,-0.852805755
15838,ITA,1994,2.151023649
15839,ITA,1995,2.8868367360000002
15840,ITA,1996,1.134684706
15841,ITA,1997,1.83011556
15842,ITA,1998,1.8105605740000001
15843,ITA,1999,1.6255941459999999
15844,ITA,2000,3.7868155939999997
15845,ITA,2001,1.951329717
15846,ITA,2002,0.253869902
15847,ITA,2003,0.138602217
15848,ITA,2004,1.423524339
15849,ITA,2005,0.817779411
15850,ITA,2006,1.790639855
15851,ITA,2007,1.486984413
15852,ITA,2008,-0.96208558
15853,ITA,2009,-5.280968505
15854,ITA,2010,1.7132408019999998
15855,ITA,2011,0.707254721
15856,ITA,2012,-2.9809661789999997
15857,ITA,2013,-1.841246185
15858,ITA,2014,-0.00454754
15859,ITA,2015,0.778242997
15860,ITA,2016,1.293402322
15861,ITA,2017,1.667740758
15862,ITA,2018,0.798003437
15863,ITA,2019,0.301158105
16972,CHL,1996,3.210920392
16973,CHL,1997,7.4278898
16974,CHL,1998,4.324579514
16975,CHL,1999,-0.412096187
16976,CHL,2000,5.3269384230000005
16977,CHL,2001,3.303047315
16978,CHL,2002,3.106970537
16979,CHL,2003,4.091047672
16980,CHL,2004,7.209539724
16981,CHL,2005,5.74283049
16982,CHL,2006,6.317176343
16983,CHL,2007,4.905324489
16984,CHL,2008,3.52953056
16985,CHL,2009,-1.564239445
16986,CHL,2010,5.8441773
16987,CHL,2011,6.1109188229999996
16988,CHL,2012,5.318628008999999
16989,CHL,2013,4.04500429
16990,CHL,2014,1.766739787
16991,CHL,2015,2.303767035
16992,CHL,2016,1.7110892969999998
16993,CHL,2017,1.188572584
16994,CHL,2018,3.949320892
16995,CHL,2019,1.054442544
17917,OECDE,1961,5.358489
17918,OECDE,1962,4.888755000000001
17919,OECDE,1963,5.010829
17920,OECDE,1964,5.725073
17921,OECDE,1965,4.225501
17922,OECDE,1966,4.132904
17923,OECDE,1967,3.408646
17924,OECDE,1968,5.449211
17925,OECDE,1969,6.05462
17926,OECDE,1970,5.1881330000000005
17927,OECDE,1971,3.678695
17928,OECDE,1972,4.770448
17929,OECDE,1973,5.655809
17930,OECDE,1974,2.132767
17931,OECDE,1975,-0.412711
17932,OECDE,1976,4.69843
17933,OECDE,1977,2.7806889999999997
17934,OECDE,1978,3.042601
17935,OECDE,1979,3.456405
17936,OECDE,1980,1.325982
17937,OECDE,1981,0.5519069999999999
17938,OECDE,1982,0.9913489999999999
17939,OECDE,1983,1.9672450000000001
17940,OECDE,1984,2.725021
17941,OECDE,1985,2.7820110000000002
17942,OECDE,1986,2.897253
17943,OECDE,1987,3.323282
17944,OECDE,1988,4.194454
17945,OECDE,1989,3.497922
17946,OECDE,1990,3.391982
17947,OECDE,1991,1.819985
17948,OECDE,1992,1.487744
17949,OECDE,1993,0.353451
17950,OECDE,1994,2.167995
17951,OECDE,1995,2.728354
17952,OECDE,1996,2.152215
17953,OECDE,1997,3.305654
17954,OECDE,1998,3.142861
17955,OECDE,1999,2.698107
17956,OECDE,2000,3.9940860000000002
17957,OECDE,2001,1.862589
17958,OECDE,2002,1.5247700000000002
17959,OECDE,2003,1.533551
17960,OECDE,2004,2.938719
17961,OECDE,2005,2.545824
17962,OECDE,2006,3.628567
17963,OECDE,2007,3.244135
17964,OECDE,2008,0.557615
17965,OECDE,2009,-4.179463
17966,OECDE,2010,2.595018
17967,OECDE,2011,2.456985
17968,OECDE,2012,0.029769
17969,OECDE,2013,0.945938
17970,OECDE,2014,2.0490720000000002
17971,OECDE,2015,2.6317619999999997
17972,OECDE,2016,2.097136
17973,OECDE,2017,3.110189
17974,OECDE,2018,2.137536
17975,OECDE,2019,1.475849
17976,G-7,1962,5.757176
17977,G-7,1963,4.862227
17978,G-7,1964,6.235713
17979,G-7,1965,5.4340459999999995
17980,G-7,1966,5.86514
17981,G-7,1967,3.7584690000000003
17982,G-7,1968,5.934205
17983,G-7,1969,5.259081
17984,G-7,1970,3.399365
17985,G-7,1971,3.47951
17986,G-7,1972,5.278137999999999
17987,G-7,1973,6.059908999999999
17988,G-7,1974,0.286926
17989,G-7,1975,-0.001534
17990,G-7,1976,4.936281
17991,G-7,1977,3.898171
17992,G-7,1978,4.662653
17993,G-7,1979,3.902745
17994,G-7,1980,0.8353370000000001
17995,G-7,1981,2.060461
17996,G-7,1982,-0.050198
17997,G-7,1983,3.295091
17998,G-7,1984,5.018737000000001
17999,G-7,1985,4.021957
18000,G-7,1986,3.008625
18001,G-7,1987,3.4196809999999997
18002,G-7,1988,4.798335
18003,G-7,1989,3.8716660000000003
18004,G-7,1990,2.8261060000000002
18005,G-7,1991,1.151114
18006,G-7,1992,2.150148
18007,G-7,1993,1.299202
18008,G-7,1994,3.023324
18009,G-7,1995,2.525318
18010,G-7,1996,2.769797
18011,G-7,1997,3.1685369999999997
18012,G-7,1998,2.911521
18013,G-7,1999,3.218068
18014,G-7,2000,3.738351
18015,G-7,2001,1.2939120000000002
18016,G-7,2002,1.2272610000000002
18017,G-7,2003,1.918379
18018,G-7,2004,2.9063060000000003
18019,G-7,2005,2.588234
18020,G-7,2006,2.616579
18021,G-7,2007,2.017629
18022,G-7,2008,-0.156195
18023,G-7,2009,-3.646064
18024,G-7,2010,2.836389
18025,G-7,2011,1.614575
18026,G-7,2012,1.363591
18027,G-7,2013,1.421985
18028,G-7,2014,1.922614
18029,G-7,2015,2.190171
18030,G-7,2016,1.5129059999999999
18031,G-7,2017,2.298323
18032,G-7,2018,2.042606
18033,G-7,2019,1.5515079999999999
18034,G-20,1998,2.55695
18035,G-20,1999,3.62477
18036,G-20,2000,4.71445
18037,G-20,2001,2.2522599999999997
18038,G-20,2002,2.61248
18039,G-20,2003,3.50325
18040,G-20,2004,4.73939
18041,G-20,2005,4.57515
18042,G-20,2006,5.0799
18043,G-20,2007,5.202719999999999
18044,G-20,2008,2.7700400000000003
18045,G-20,2009,-0.74283
18046,G-20,2010,5.2932
18047,G-20,2011,4.1573199999999995
18048,G-20,2012,3.10538
18049,G-20,2013,3.2805699999999995
18050,G-20,2014,3.4659199999999997
18051,G-20,2015,3.51358
18052,G-20,2016,3.2037
18053,G-20,2017,3.7918
18054,G-20,2018,3.5506900000000003
18055,G-20,2019,2.83203
19165,COL,2006,6.716868698
19166,COL,2007,6.738194691
19167,COL,2008,3.2834461860000004
19168,COL,2009,1.139648645
19169,COL,2010,4.494658971000001
19170,COL,2011,6.947891982000001
19171,COL,2012,3.912635767
19172,COL,2013,5.13399352
19173,COL,2014,4.499030001
19174,COL,2015,2.955901375
19175,COL,2016,2.087382502
19176,COL,2017,1.3593608680000002
19177,COL,2018,2.515324456
19178,COL,2019,3.2602167019999997
19298,EA19,1996,1.6160370000000002
19299,EA19,1997,2.628018
19300,EA19,1998,2.984725
19301,EA19,1999,2.9308650000000003
19302,EA19,2000,3.8235589999999995
19303,EA19,2001,2.16915
19304,EA19,2002,0.909977
19305,EA19,2003,0.644533
19306,EA19,2004,2.276357
19307,EA19,2005,1.664207
19308,EA19,2006,3.2174669999999996
19309,EA19,2007,2.988085
19310,EA19,2008,0.409948
19311,EA19,2009,-4.498533
19312,EA19,2010,2.1326709999999998
19313,EA19,2011,1.690668
19314,EA19,2012,-0.889324
19315,EA19,2013,-0.24662399999999998
19316,EA19,2014,1.400968
19317,EA19,2015,2.036929
19318,EA19,2016,1.876211
19319,EA19,2017,2.6145709999999998
19320,EA19,2018,1.838947
19321,EA19,2019,1.2728549999999998
19521,LTU,1996,5.149958869
19522,LTU,1997,8.293228744
19523,LTU,1998,7.467175553
19524,LTU,1999,-1.134642588
19525,LTU,2000,3.831667005
19526,LTU,2001,6.524430827000001
19527,LTU,2002,6.76074956
19528,LTU,2003,10.538564982999999
19529,LTU,2004,6.550082902000001
19530,LTU,2005,7.727407907000001
19531,LTU,2006,7.406444306
19532,LTU,2007,11.086954356
19533,LTU,2008,2.628077795
19534,LTU,2009,-14.814163053
19535,LTU,2010,1.482232542
19536,LTU,2011,6.025637849
19537,LTU,2012,3.8333027910000004
19538,LTU,2013,3.5584246360000003
19539,LTU,2014,3.5079711189999996
19540,LTU,2015,2.0331483280000002
19541,LTU,2016,2.555939564
19542,LTU,2017,4.247576658
19543,LTU,2018,3.6447565739999996
19544,LTU,2019,3.9304079589999996
28219,BGR,1996,5.138915238
28220,BGR,1997,-14.192814804000001
28221,BGR,1998,4.285281898
28222,BGR,1999,-8.281016241
28223,BGR,2000,4.782042328999999
28224,BGR,2001,3.817240033
28225,BGR,2002,5.953033877
28226,BGR,2003,5.151841505
28227,BGR,2004,6.441859686
28228,BGR,2005,7.153541833999999
28229,BGR,2006,6.802165969
28230,BGR,2007,6.557082321
28231,BGR,2008,6.085627082
28232,BGR,2009,-3.42357082
28233,BGR,2010,0.569823565
28234,BGR,2011,2.350980456
28235,BGR,2012,0.36058318799999994
28236,BGR,2013,0.318735761
28237,BGR,2014,1.894547142
28238,BGR,2015,3.9895262689999997
28239,BGR,2016,3.81153783
28240,BGR,2017,3.506604774
28241,BGR,2018,3.0841898010000004
28242,BGR,2019,3.371620599
28268,ROU,1996,3.902153779
28269,ROU,1997,-4.630822597
28270,ROU,1998,-1.989085884
28271,ROU,1999,-0.437750005
28272,ROU,2000,2.531298929
28273,ROU,2001,5.081664979
28274,ROU,2002,5.6793845339999995
28275,ROU,2003,2.314459638
28276,ROU,2004,10.32986933
28277,ROU,2005,4.686140632
28278,ROU,2006,8.023981773
28279,ROU,2007,7.197690291
28280,ROU,2008,9.406957292000001
28281,ROU,2009,-5.55178738
28282,ROU,2010,-3.9129253630000003
28283,ROU,2011,2.027038655
28284,ROU,2012,2.058895347
28285,ROU,2013,3.499627348
28286,ROU,2014,3.419390946
28287,ROU,2015,3.873958131
28288,ROU,2016,4.796127253
28289,ROU,2017,7.132450434
28290,ROU,2018,4.437811811
28291,ROU,2019,4.070245127
28919,EU27_2020,1996,1.7602389999999999
28920,EU27_2020,1997,2.662
28921,EU27_2020,1998,3.001601
28922,EU27_2020,1999,2.950634
28923,EU27_2020,2000,3.869595
28924,EU27_2020,2001,2.132922
28925,EU27_2020,2002,1.054571
28926,EU27_2020,2003,0.8604860000000001
28927,EU27_2020,2004,2.527895
28928,EU27_2020,2005,1.8781919999999999
28929,EU27_2020,2006,3.461269
28930,EU27_2020,2007,3.132998
28931,EU27_2020,2008,0.637375
28932,EU27_2020,2009,-4.306687999999999
28933,EU27_2020,2010,2.1834729999999998
28934,EU27_2020,2011,1.843636
28935,EU27_2020,2012,-0.740008
28936,EU27_2020,2013,-0.043024
28937,EU27_2020,2014,1.577619
28938,EU27_2020,2015,2.291155
28939,EU27_2020,2016,2.0195849999999997
28940,EU27_2020,2017,2.796986
28941,EU27_2020,2018,2.077628
28942,EU27_2020,2019,1.512576
